{
    "text_block": {
        "all": {
            "Edit_dist": {
                "ALL_page_avg": 0.035888687830646596,
                "edit_whole": 0.041483144448817205,
                "edit_sample_avg": 0.04657157951921466
            }
        },
        "group": {
            "sample_count": {}
        },
        "page": {
            "Edit_dist": {
                "ALL": 0.035888687830646596,
                "None": 0.024302105853389197,
                "colorful_backgroud": 0.02485496852018411,
                "data_source: PPT2PDF": 0.02070692085587597,
                "data_source: academic_literature": 0.02694239338018835,
                "data_source: book": 0.032865416566000144,
                "data_source: colorful_textbook": 0.05383613029643795,
                "data_source: exam_paper": 0.05045739862538031,
                "data_source: historical_document": 0.06493315360379501,
                "data_source: magazine": 0.022425092482801674,
                "data_source: newspaper": 0.037837610398569844,
                "data_source: note": 0.0804089400501616,
                "data_source: research_report": 0.007861051668321652,
                "fuzzy_content": 0.03408162439833354,
                "fuzzy_scan": 0.03488431305672103,
                "geometric_deformation": 0.03598660252645318,
                "handwriting": 0.4097813188676047,
                "language: en_ch_mixed": 0.07292987793046442,
                "language: english": 0.02882295819133831,
                "language: other": 0.001282051282051282,
                "language: simplified_chinese": 0.037237279362083826,
                "language: traditional_chinese": 0.04067960987551628,
                "layout: 1andmore_column": 0.020771520535324377,
                "layout: double_column": 0.023390309564633577,
                "layout: other_layout": 0.05258285447008499,
                "layout: single_column": 0.03401519954384469,
                "layout: three_column": 0.0361982664689526,
                "subset: equation_hard": 0.08703124652314269,
                "subset: layout_hard": 0.062497056155706845,
                "subset: table_hard": 0.002193770847072174,
                "subset: v1.5": 0.03170502372736064,
                "text_L-shaped_wrap": 0.15973034274193548,
                "text_O-shaped_wrap": 0.20618556701030927,
                "text_embedded_in_image": 0.2003968253968254,
                "transparent_pages": 0.03631733562050866,
                "watermark": 0.042327541378209106,
                "with_watermark": 0.030194957140875597
            }
        }
    },
    "display_formula": {
        "all": {
            "Edit_dist": {
                "ALL_page_avg": 0.09734006786469855,
                "edit_whole": 0.09908111604255414,
                "edit_sample_avg": 0.07743082794878418
            },
            "CDM": {
                "all": 0.9705314625850346
            }
        },
        "group": {
            "sample_count": {}
        },
        "page": {
            "CDM": {
                "ALL": 0.9673122987001097,
                "None": 0.9752969724741635,
                "colorful_backgroud": 0.9165674963924964,
                "data_source: PPT2PDF": 0.9359793452380952,
                "data_source: academic_literature": 0.9916638827842394,
                "data_source: book": 0.9572427793303318,
                "data_source: colorful_textbook": 0.9570673611111111,
                "data_source: exam_paper": 0.9823794219032203,
                "data_source: note": 0.9599623015873017,
                "fuzzy_content": 0.963,
                "fuzzy_scan": 0.9032666666666668,
                "geometric_deformation": 0.989080808080808,
                "handwriting": 0.9619444444444445,
                "language: en_ch_mixed": 0.967,
                "language: english": 0.9814023678905287,
                "language: simplified_chinese": 0.9320114770061398,
                "layout: 1andmore_column": 0.9764635971439014,
                "layout: double_column": 0.9889385021979239,
                "layout: other_layout": 0.9363101704879483,
                "layout: single_column": 0.9646976925368597,
                "layout: three_column": 0.8537567460317461,
                "subset: equation_hard": 0.9782370109203449,
                "subset: layout_hard": 0.9663962148962149,
                "subset: table_hard": 1.0,
                "subset: v1.5": 0.962251356066339,
                "text_L-shaped_wrap": 0.9962142857142857,
                "text_O-shaped_wrap": 0.6765,
                "watermark": 0.8426133333333332,
                "with_watermark": 0.9926
            },
            "Edit_dist": {
                "ALL": 0.09734006786469857,
                "None": 0.06902046146160713,
                "colorful_backgroud": 0.15229701353778197,
                "data_source: PPT2PDF": 0.14765715612763167,
                "data_source: academic_literature": 0.0967549494493863,
                "data_source: book": 0.11647716001070853,
                "data_source: colorful_textbook": 0.12461863298139798,
                "data_source: exam_paper": 0.04098556598423063,
                "data_source: note": 0.10437403462673474,
                "fuzzy_content": 0.13774104683195593,
                "fuzzy_scan": 0.16500882740447959,
                "geometric_deformation": 0.06428833295030478,
                "handwriting": 0.06064228482812096,
                "language: en_ch_mixed": 0.2802197802197802,
                "language: english": 0.08370859913488846,
                "language: simplified_chinese": 0.12944049274551395,
                "layout: 1andmore_column": 0.052022767374477884,
                "layout: double_column": 0.04534699504145337,
                "layout: other_layout": 0.13437664162460725,
                "layout: single_column": 0.11498073959604573,
                "layout: three_column": 0.1538939561601927,
                "subset: equation_hard": 0.12426513630045055,
                "subset: layout_hard": 0.1291452827491835,
                "subset: table_hard": 0.0,
                "subset: v1.5": 0.08444649836990466,
                "text_L-shaped_wrap": 0.051850703060380476,
                "text_O-shaped_wrap": 0.2777777777777778,
                "watermark": 0.20328573394332708,
                "with_watermark": 0.035396162582765456
            }
        },
        "metric_debug": {
            "CDM": {
                "stage": "CDM",
                "workers": 13,
                "sample_count": 2352,
                "timeout_case_count": 0,
                "timeout_cases": [],
                "exception_case_count": 0,
                "exception_cases": []
            }
        }
    },
    "table": {
        "all": {
            "TEDS": {
                "all": 0.9257610963598838
            },
            "TEDS_structure_only": {
                "all": 0.953302165833888
            },
            "Edit_dist": {
                "ALL_page_avg": 0.06277306685320191,
                "edit_whole": 0.13030761827119366,
                "edit_sample_avg": 0.06384122181252498
            }
        },
        "group": {
            "sample_count": {}
        },
        "page": {
            "Edit_dist": {
                "ALL": 0.06277306685320193,
                "None": 0.45297162234517224,
                "colorful_backgroud": 0.051287704077749637,
                "data_source: PPT2PDF": 0.11677576216483802,
                "data_source: academic_literature": 0.09397150539478423,
                "data_source: book": 0.049767754918567476,
                "data_source: colorful_textbook": 0.07123565481751791,
                "data_source: exam_paper": 0.02439998495480516,
                "data_source: magazine": 0.035712833456244174,
                "data_source: newspaper": 0.12602793956969266,
                "data_source: note": 0.05560239416069334,