{
    "text_block": {
        "all": {
            "Edit_dist": {
                "ALL_page_avg": 0.056576564006556355,
                "edit_whole": 0.04669073023066833,
                "edit_sample_avg": 0.057487313123575454
            }
        },
        "group": {
            "sample_count": {}
        },
        "page": {
            "Edit_dist": {
                "ALL": 0.056576564006556355,
                "None": 0.043672709609703805,
                "colorful_backgroud": 0.05416608628061496,
                "data_source: PPT2PDF": 0.04706601930048034,
                "data_source: academic_literature": 0.031021653289114926,
                "data_source: book": 0.05546050682567966,
                "data_source: colorful_textbook": 0.11344746791255793,
                "data_source: exam_paper": 0.08394530556521156,
                "data_source: historical_document": 0.30516327332138937,
                "data_source: magazine": 0.039140264142623414,
                "data_source: newspaper": 0.03539864375464394,
                "data_source: note": 0.06857246768987367,
                "data_source: research_report": 0.024337561311248982,
                "fuzzy_content": 0.16840052276262407,
                "fuzzy_scan": 0.06428754943370076,
                "geometric_deformation": 0.1594928854436023,
                "handwriting": 0.4243940012621107,
                "language: en_ch_mixed": 0.07065602967847676,
                "language: english": 0.04260156388996943,
                "language: other": 0.15078616352201257,
                "language: simplified_chinese": 0.0668343282756676,
                "language: traditional_chinese": 0.14221348889857358,
                "layout: 1andmore_column": 0.030935213042279967,
                "layout: double_column": 0.06087600037255642,
                "layout: other_layout": 0.07711468681192048,
                "layout: single_column": 0.05094128082833098,
                "layout: three_column": 0.06082050712681867,
                "subset: equation_hard": 0.1274711168326384,
                "subset: layout_hard": 0.09414590129118122,
                "subset: table_hard": 0.04233782597219528,
                "subset: v1.5": 0.04898836446226913,
                "text_L-shaped_wrap": 0.05841674298599053,
                "text_O-shaped_wrap": 0.28061224489795916,
                "text_embedded_in_image": 0.04144949118888062,
                "transparent_pages": 0.12439377295860723,
                "watermark": 0.09339395375179582,
                "with_watermark": 0.06459155091248953
            }
        }
    },
    "display_formula": {
        "all": {
            "Edit_dist": {
                "ALL_page_avg": 0.2664078246197176,
                "edit_whole": 0.36969481937524673,
                "edit_sample_avg": 0.25668489205596784
            },
            "CDM": {
                "all": 0.8180008503401355
            }
        },
        "group": {
            "sample_count": {}
        },
        "page": {
            "CDM": {
                "ALL": 0.8306671340500542,
                "None": 0.9065324267855012,
                "colorful_backgroud": 0.8343284467344251,
                "data_source: PPT2PDF": 0.9304014880952381,
                "data_source: academic_literature": 0.7875963648989833,
                "data_source: book": 0.7965020471112751,
                "data_source: colorful_textbook": 0.8210833333333334,
                "data_source: exam_paper": 0.8733257486612926,
                "data_source: note": 0.6537634920634919,
                "fuzzy_content": 0.491375,
                "fuzzy_scan": 0.49597499999999994,
                "geometric_deformation": 0.9550858585858585,
                "handwriting": 0.8187222222222221,
                "language: en_ch_mixed": 0.967,
                "language: english": 0.878553717918729,
                "language: simplified_chinese": 0.709149818671802,
                "layout: 1andmore_column": 0.9382088792945906,
                "layout: double_column": 0.8367648957805239,
                "layout: other_layout": 0.8614823645937173,
                "layout: single_column": 0.8066100991763306,
                "layout: three_column": 0.8356134920634921,
                "subset: equation_hard": 0.760030846865071,
                "subset: layout_hard": 0.9246492063492064,
                "subset: table_hard": 0.51,
                "subset: v1.5": 0.858915778794231,
                "text_L-shaped_wrap": 0.9962142857142857,
                "text_O-shaped_wrap": 0.8335,
                "watermark": 0.6831057971014494,
                "with_watermark": 0.7976883333333333
            },
            "Edit_dist": {
                "ALL": 0.2664078246197176,
                "None": 0.17948016836489258,
                "colorful_backgroud": 0.25976832715536485,
                "data_source: PPT2PDF": 0.18858374684793341,
                "data_source: academic_literature": 0.3274070264872275,
                "data_source: book": 0.31337464760005984,
                "data_source: colorful_textbook": 0.27256325650407426,
                "data_source: exam_paper": 0.18551163774658272,
                "data_source: note": 0.4205340284463024,
                "fuzzy_content": 0.6156941649899397,
                "fuzzy_scan": 0.46545331454423683,
                "geometric_deformation": 0.15985589804524591,
                "handwriting": 0.3341653122823311,
                "language: en_ch_mixed": 0.24725274725274726,
                "language: english": 0.22149902909705113,
                "language: simplified_chinese": 0.37914733561883684,
                "layout: 1andmore_column": 0.1328546112364524,
                "layout: double_column": 0.21386729429482665,
                "layout: other_layout": 0.2556478942301371,
                "layout: single_column": 0.3059097796574705,
                "layout: three_column": 0.286525282452429,
                "subset: equation_hard": 0.3706501422918135,
                "subset: layout_hard": 0.20341442071370341,
                "subset: table_hard": 0.49069148936170215,
                "subset: v1.5": 0.22237060729186015,
                "text_L-shaped_wrap": 0.06941955396256472,
                "text_O-shaped_wrap": 0.2,
                "watermark": 0.3221522452171909,
                "with_watermark": 0.24286919337259477
            }
        },
        "metric_debug": {
            "CDM": {
                "stage": "CDM",
                "workers": 13,
                "sample_count": 2352,
                "timeout_case_count": 0,
                "timeout_cases": [],
                "exception_case_count": 0,
                "exception_cases": []
            }
        }
    },
    "table": {
        "all": {
            "TEDS": {
                "all": 0.7963641064523457
            },
            "TEDS_structure_only": {
                "all": 0.8651354842154116
            },
            "Edit_dist": {
                "ALL_page_avg": 0.36408218896807226,
                "edit_whole": 0.4410269642228087,
                "edit_sample_avg": 0.3507476408089065
            }
        },
        "group": {
            "sample_count": {}
        },
        "page": {
            "Edit_dist": {
                "ALL": 0.36408218896807226,
                "None": 0.5267346356528034,
                "colorful_backgroud": 0.472739899751024,
                "data_source: PPT2PDF": 0.39855365172602136,
                "data_source: academic_literature": 0.259216936198433,
                "data_source: book": 0.43516749202418925,
                "data_source: colorful_textbook": 0.4857653019571618,
                "data_source: exam_paper": 0.46698274354955577,
                "data_source: magazine": 0.4320958672075384,
                "data_source: newspaper": 0.3839766391728507,
                "data_source: note": 0.6468678716058891,
                "data_source: research_report": 0.2559945443798437,