{
    "text_block": {
        "all": {
            "Edit_dist": {
                "ALL_page_avg": 0.05654667503567776,
                "edit_whole": 0.04667611015378166,
                "edit_sample_avg": 0.0574810426392597
            }
        },
        "group": {
            "sample_count": {}
        },
        "page": {
            "Edit_dist": {
                "ALL": 0.05654667503567776,
                "None": 0.04365199990551578,
                "colorful_backgroud": 0.05408618085708279,
                "data_source: PPT2PDF": 0.046981033849989466,
                "data_source: academic_literature": 0.031020666476569744,
                "data_source: book": 0.05533979187208027,
                "data_source: colorful_textbook": 0.11345779661201352,
                "data_source: exam_paper": 0.08397462359402195,
                "data_source: historical_document": 0.30516327332138937,
                "data_source: magazine": 0.03917036894829576,
                "data_source: newspaper": 0.03540010187476624,
                "data_source: note": 0.06852058691428342,
                "data_source: research_report": 0.02433154104693274,
                "fuzzy_content": 0.16840052276262407,
                "fuzzy_scan": 0.06427046046528445,
                "geometric_deformation": 0.15957552851621354,
                "handwriting": 0.4243940012621107,
                "language: en_ch_mixed": 0.070693237153361,
                "language: english": 0.04257067307266772,
                "language: other": 0.15078616352201257,
                "language: simplified_chinese": 0.06679231597480113,
                "language: traditional_chinese": 0.14232987623563131,
                "layout: 1andmore_column": 0.03096775062495807,
                "layout: double_column": 0.06080419053801469,
                "layout: other_layout": 0.077109372157698,
                "layout: single_column": 0.050887003754242564,
                "layout: three_column": 0.0609514781902746,
                "subset: equation_hard": 0.12732160807158605,
                "subset: layout_hard": 0.0941267469986964,
                "subset: table_hard": 0.04235806724820532,
                "subset: v1.5": 0.0489642514553436,
                "text_L-shaped_wrap": 0.05841674298599053,
                "text_O-shaped_wrap": 0.28061224489795916,
                "text_embedded_in_image": 0.04144949118888062,
                "transparent_pages": 0.12439377295860723,
                "watermark": 0.09337593897968267,
                "with_watermark": 0.06454892761745946
            }
        }
    },
    "display_formula": {
        "all": {
            "Edit_dist": {
                "ALL_page_avg": 0.26688895880775515,
                "edit_whole": 0.36980543658072157,
                "edit_sample_avg": 0.2566973443841458
            },
            "CDM": {
                "all": 0.8211364795918361
            }
        },
        "group": {
            "sample_count": {}
        },
        "page": {
            "CDM": {
                "ALL": 0.8339081255175297,
                "None": 0.9085196676021045,
                "colorful_backgroud": 0.8353818558253341,
                "data_source: PPT2PDF": 0.9312027380952381,
                "data_source: academic_literature": 0.7864131511385375,
                "data_source: book": 0.8040173270985859,
                "data_source: colorful_textbook": 0.8233583333333333,
                "data_source: exam_paper": 0.8753137201410325,
                "data_source: note": 0.6537634920634919,
                "fuzzy_content": 0.488375,
                "fuzzy_scan": 0.49597499999999994,
                "geometric_deformation": 0.9559949494949495,
                "handwriting": 0.8187222222222221,
                "language: en_ch_mixed": 0.967,
                "language: english": 0.8815105414448999,
                "language: simplified_chinese": 0.7131392420761131,
                "layout: 1andmore_column": 0.9406000623303049,
                "layout: double_column": 0.8398701515417119,
                "layout: other_layout": 0.8648823645937173,
                "layout: single_column": 0.8100470574033897,
                "layout: three_column": 0.8353982142857144,
                "subset: equation_hard": 0.7664891413628103,
                "subset: layout_hard": 0.927918437118437,
                "subset: table_hard": 0.507,
                "subset: v1.5": 0.860800926282277,
                "text_L-shaped_wrap": 0.9962142857142857,
                "text_O-shaped_wrap": 0.8335,
                "watermark": 0.6832832971014493,
                "with_watermark": 0.7972216666666666
            },
            "Edit_dist": {
                "ALL": 0.26688895880775515,
                "None": 0.17944294270653935,
                "colorful_backgroud": 0.25993361641156326,
                "data_source: PPT2PDF": 0.18858374684793341,
                "data_source: academic_literature": 0.3283211866863206,
                "data_source: book": 0.3142219640489004,
                "data_source: colorful_textbook": 0.27256325650407426,
                "data_source: exam_paper": 0.18555598364458717,
                "data_source: note": 0.4205371796714988,
                "fuzzy_content": 0.6365348399246704,
                "fuzzy_scan": 0.46545331454423683,
                "geometric_deformation": 0.15985589804524591,
                "handwriting": 0.3341653122823311,
                "language: en_ch_mixed": 0.24725274725274726,
                "language: english": 0.22169422295656196,
                "language: simplified_chinese": 0.3803503330366439,
                "layout: 1andmore_column": 0.13296824760008874,
                "layout: double_column": 0.21386729429482665,
                "layout: other_layout": 0.2556478942301371,
                "layout: single_column": 0.30667459445180506,
                "layout: three_column": 0.2861999734088375,
                "subset: equation_hard": 0.37184752433878554,
                "subset: layout_hard": 0.20341442071370341,
                "subset: table_hard": 0.49133333333333334,
                "subset: v1.5": 0.22256553263793755,
                "text_L-shaped_wrap": 0.06941955396256472,
                "text_O-shaped_wrap": 0.2,
                "watermark": 0.3225158815808273,
                "with_watermark": 0.25703732835954096
            }
        },
        "metric_debug": {
            "CDM": {
                "stage": "CDM",
                "workers": 8,
                "sample_count": 2352,
                "timeout_case_count": 0,
                "timeout_cases": [],
                "exception_case_count": 0,
                "exception_cases": []
            }
        }
    },
    "table": {
        "all": {
            "TEDS": {
                "all": 0.7963806157258821
            },
            "TEDS_structure_only": {
                "all": 0.8651354842154116
            },
            "Edit_dist": {
                "ALL_page_avg": 0.36407037541933895,
                "edit_whole": 0.4410000842055821,
                "edit_sample_avg": 0.35072268950807045
            }
        },
        "group": {
            "sample_count": {}
        },
        "page": {
            "Edit_dist": {
                "ALL": 0.36407037541933895,
                "None": 0.5267346356528034,
                "colorful_backgroud": 0.4727231134601658,
                "data_source: PPT2PDF": 0.39855365172602136,
                "data_source: academic_literature": 0.2591913195684014,
                "data_source: book": 0.4351795646194158,
                "data_source: colorful_textbook": 0.485759699797363,
                "data_source: exam_paper": 0.46696144023191527,
                "data_source: magazine": 0.4319509816671153,
                "data_source: newspaper": 0.3839252727241702,
                "data_source: note": 0.6468785947487147,
                "data_source: research_report": 0.255987600356715,